Name,Team,G,PA,HR,R,RBI,SB,BB%,K%,ISO,BABIP,AVG,OBP,SLG,wOBA,xwOBA,wRC+,BsR,Off,Def,WAR
Aaron Judge,NYY,157,696,62,133,131,16,15.90%,25.10%,0.375,0.34,0.311,0.425,0.686,0.458,0.463,207,2.1,86.1,1.1,11.5
Manny Machado,SDP,150,644,32,100,102,9,9.80%,20.70%,0.234,0.337,0.298,0.366,0.531,0.382,0.338,152,3,41.9,6.9,7.4
Nolan Arenado,STL,148,620,30,73,103,5,8.40%,11.60%,0.241,0.29,0.293,0.358,0.533,0.381,0.339,151,-1.6,35.3,13.3,7.3
Paul Goldschmidt,STL,151,651,35,106,115,7,12.10%,21.70%,0.26,0.368,0.317,0.404,0.578,0.419,0.367,177,3,61.6,-15.8,7.1
Freddie Freeman,LAD,159,708,21,117,100,13,11.90%,14.40%,0.186,0.359,0.325,0.407,0.511,0.393,0.403,157,5.4,52.6,-8.8,7.1
Francisco Lindor,NYM,161,706,26,98,107,16,8.40%,18.80%,0.179,0.301,0.27,0.339,0.449,0.342,0.331,127,3.3,25.4,15.2,6.8
Yordan Alvarez,HOU,135,561,37,95,97,1,13.90%,18.90%,0.306,0.32,0.306,0.406,0.613,0.427,0.462,185,-0.6,52.8,-6.7,6.7
Jose Altuve,HOU,141,604,28,103,57,18,10.90%,14.40%,0.233,0.315,0.3,0.387,0.533,0.397,0.354,164,-1.5,41.8,1.6,6.6
Mookie Betts,LAD,142,639,35,117,82,12,8.60%,16.30%,0.264,0.272,0.269,0.34,0.533,0.373,0.344,144,4.3,37.2,3.5,6.5
J.T. Realmuto,PHI,139,562,22,75,84,21,7.30%,21.20%,0.202,0.318,0.276,0.342,0.478,0.354,0.351,128,6.6,24.9,18,6.5
Dansby Swanson,ATL,162,696,25,99,96,18,7.00%,26.10%,0.17,0.348,0.277,0.329,0.447,0.337,0.337,116,3.1,15.7,21.5,6.4
Trea Turner,LAD,160,708,21,101,100,27,6.40%,18.50%,0.169,0.342,0.298,0.343,0.466,0.35,0.335,128,6.5,29.5,7.1,6.3
Jose Ramirez,CLE,157,685,29,90,126,20,10.10%,12.00%,0.235,0.279,0.28,0.355,0.514,0.363,0.32,139,6,36,1.1,6.2
Andres Gimenez,CLE,146,557,17,66,69,20,6.10%,20.10%,0.169,0.353,0.297,0.371,0.466,0.364,0.326,140,3.4,28.3,12,6.1
Xander Bogaerts,BOS,150,631,15,84,73,8,9.00%,18.70%,0.149,0.362,0.307,0.377,0.456,0.363,0.323,134,4.7,28.6,9.1,6.1
Mike Trout,LAA,119,499,40,85,80,1,10.80%,27.90%,0.347,0.323,0.283,0.369,0.63,0.418,0.395,176,-0.3,42.4,-0.6,6.1
Jeff McNeil,NYM,148,589,9,73,62,4,6.80%,10.40%,0.128,0.353,0.326,0.382,0.454,0.365,0.323,143,2,31.3,4.4,5.8
Tommy Edman,STL,153,630,13,95,57,32,7.30%,17.60%,0.135,0.308,0.265,0.324,0.4,0.318,0.308,108,8.4,14.2,18.6,5.7
Austin Riley,ATL,159,693,38,90,93,2,8.20%,24.20%,0.255,0.315,0.273,0.349,0.528,0.377,0.378,142,-1.7,32.5,-3,5.5
Alex Bregman,HOU,155,656,23,93,93,1,13.30%,11.70%,0.195,0.26,0.259,0.366,0.454,0.358,0.35,136,-3,23.6,7.6,5.5
Julio Rodriguez,SEA,132,560,28,84,75,25,7.10%,25.90%,0.225,0.345,0.284,0.345,0.509,0.366,0.337,146,4.3,33.4,0.4,5.4
Brandon Nimmo,NYM,151,673,16,102,64,3,10.50%,17.20%,0.159,0.317,0.274,0.367,0.433,0.353,0.342,134,-0.3,26.6,1.5,5.3
Adley Rutschman,BAL,113,470,13,70,42,4,13.80%,18.30%,0.191,0.291,0.254,0.362,0.445,0.354,0.342,133,5,22.4,13.1,5.3
Sean Murphy,OAK,148,612,18,67,66,1,9.20%,20.30%,0.177,0.29,0.25,0.332,0.426,0.331,0.344,122,-1.4,13.8,15,5.1
Rafael Devers,BOS,141,614,27,84,88,3,8.10%,18.60%,0.225,0.329,0.295,0.358,0.521,0.373,0.361,140,-1.2,26.8,-0.1,4.9
Michael Harris II,ATL,114,441,19,75,64,20,4.80%,24.30%,0.217,0.361,0.297,0.339,0.514,0.368,0.335,136,5.9,24.4,6.6,4.8
Kyle Tucker,HOU,150,609,30,71,107,25,9.70%,15.60%,0.221,0.261,0.257,0.33,0.478,0.348,0.353,129,4,23.9,2.6,4.8
Daulton Varsho,ARI,151,592,27,79,74,16,7.80%,24.50%,0.207,0.269,0.235,0.302,0.443,0.323,0.298,106,3.4,7.7,17,4.7
Willy Adames,MIL,139,617,31,83,98,8,7.90%,26.90%,0.22,0.278,0.238,0.298,0.458,0.325,0.323,109,2.4,8.8,14.7,4.6
Corey Seager,TEX,151,663,33,91,83,3,8.70%,15.50%,0.211,0.242,0.245,0.317,0.455,0.331,0.372,117,2.6,15.1,6.8,4.5
Bo Bichette,TOR,159,697,24,91,93,13,5.90%,22.20%,0.179,0.347,0.29,0.333,0.469,0.347,0.334,129,-2.7,20,0.2,4.5
Steven Kwan,CLE,147,638,6,89,52,19,9.70%,9.40%,0.101,0.323,0.298,0.373,0.4,0.341,0.312,124,4.9,22,-0.8,4.4
Carlos Correa,MIN,136,590,22,70,64,0,10.30%,20.50%,0.176,0.339,0.291,0.366,0.467,0.362,0.363,140,-6,20.7,2,4.4
George Springer,TOR,133,583,25,89,76,14,9.30%,17.20%,0.205,0.285,0.267,0.342,0.472,0.352,0.342,132,4.6,25.7,-4.1,4.2
Marcus Semien,TEX,161,724,26,101,83,25,7.30%,16.60%,0.181,0.263,0.248,0.304,0.429,0.317,0.306,107,7,12.5,4.3,4.2
Cal Raleigh,SEA,119,415,27,46,63,1,9.20%,29.40%,0.278,0.226,0.211,0.284,0.489,0.33,0.324,121,-1,8.6,18,4.2
Matt Chapman,TOR,155,621,27,83,76,2,11.00%,27.40%,0.204,0.277,0.229,0.324,0.433,0.331,0.341,117,3.1,15,4.6,4.1
Jake Cronenworth,SDP,158,684,17,88,88,3,10.20%,19.20%,0.152,0.275,0.239,0.332,0.39,0.318,0.303,109,6.8,13.7,2.2,4.1
Eugenio Suarez,SEA,150,629,31,76,87,0,11.60%,31.20%,0.223,0.302,0.236,0.332,0.459,0.344,0.339,131,-2.5,19.2,-0.3,4.1
Christian Walker,ARI,160,667,36,84,94,2,10.30%,19.60%,0.235,0.248,0.242,0.327,0.477,0.346,0.359,122,-0.3,16.9,-0.5,4.1
Byron Buxton,MIN,92,382,28,61,51,6,8.90%,30.40%,0.303,0.244,0.224,0.306,0.526,0.356,0.358,136,4.3,19.6,6.3,4
Pete Alonso,NYM,160,685,40,95,131,5,9.80%,18.70%,0.246,0.279,0.271,0.352,0.518,0.366,0.353,143,-2.5,32,-17.4,4
Nico Hoerner,CHC,135,517,10,60,55,20,5.40%,11.00%,0.129,0.3,0.281,0.327,0.41,0.32,0.301,106,2.3,6,14.3,4
Will Smith,LAD,137,578,24,68,87,1,9.70%,16.60%,0.205,0.276,0.26,0.343,0.465,0.349,0.352,127,-3.6,14.8,3,3.9
Travis d'Arnaud,ATL,107,426,18,61,60,0,4.50%,21.10%,0.205,0.306,0.268,0.319,0.472,0.343,0.313,120,-3.6,6.1,16.8,3.9
Jose Abreu,CHW,157,679,15,85,75,0,9.10%,16.20%,0.141,0.35,0.304,0.378,0.446,0.361,0.373,137,-1.7,26.9,-11.7,3.9
Taylor Ward,LAA,135,564,23,73,65,5,10.60%,21.30%,0.192,0.325,0.281,0.36,0.473,0.362,0.361,137,0.7,23.9,-5.1,3.9
Shohei Ohtani,LAA,157,666,34,90,95,11,10.80%,24.20%,0.246,0.32,0.273,0.356,0.519,0.37,0.383,142,0.3,31.8,-16.4,3.8
Alejandro Kirk,TOR,139,541,14,59,63,0,11.60%,10.70%,0.13,0.299,0.285,0.372,0.415,0.347,0.351,129,-7.1,10.4,8.8,3.8
Adolis Garcia,TEX,156,657,27,88,101,25,6.10%,27.90%,0.207,0.309,0.25,0.3,0.456,0.324,0.322,112,6,14.8,0.6,3.8
Juan Soto,- - -,153,664,27,93,62,6,20.30%,14.50%,0.21,0.249,0.242,0.401,0.452,0.376,0.401,145,-2.4,32,-18.3,3.8
Yandy Diaz,TBR,137,558,9,71,57,3,14.00%,10.80%,0.127,0.323,0.296,0.401,0.423,0.366,0.365,146,-5.3,23.8,-5.7,3.8
Jose Trevino,NYY,115,353,11,39,43,2,4.20%,17.60%,0.14,0.274,0.248,0.283,0.388,0.293,0.281,91,-1.2,-4.9,29,3.7
Ha-seong Kim,SDP,150,582,11,58,59,12,8.80%,17.20%,0.132,0.29,0.251,0.325,0.383,0.313,0.309,105,1.9,5.4,10,3.7
Ian Happ,CHC,158,641,17,72,72,9,9.00%,23.20%,0.169,0.336,0.271,0.342,0.44,0.339,0.306,120,0.7,15.2,-2.9,3.6
Elvis Andrus,- - -,149,577,17,66,58,18,6.80%,15.90%,0.155,0.272,0.249,0.303,0.404,0.31,0.293,105,6,9.3,6.1,3.5
Cedric Mullins II,BAL,156,672,16,89,64,34,7.00%,18.80%,0.145,0.299,0.258,0.318,0.403,0.315,0.288,106,3.3,7.6,4,3.5
Jeremy Pena,HOU,136,558,22,72,63,11,3.90%,24.20%,0.173,0.298,0.253,0.289,0.426,0.309,0.3,102,3.7,4.8,10,3.4
Willson Contreras,CHC,113,487,22,65,55,4,9.20%,21.10%,0.224,0.27,0.243,0.349,0.466,0.357,0.364,132,-2.8,15.1,-0.4,3.3
Luis Arraez,MIN,144,603,8,88,49,4,8.30%,7.10%,0.104,0.331,0.316,0.375,0.42,0.35,0.333,131,-0.2,20.9,-10.1,3.2
Matt Olson,ATL,162,699,34,86,103,0,10.70%,24.30%,0.237,0.274,0.24,0.325,0.477,0.344,0.347,120,-0.8,15.4,-9.3,3.1
Ke'Bryan Hayes,PIT,136,560,7,55,41,20,8.60%,21.80%,0.101,0.307,0.244,0.314,0.345,0.294,0.303,88,0.9,-6.8,16.8,3
Ryan McMahon,COL,153,597,20,67,67,7,10.10%,26.50%,0.168,0.311,0.246,0.327,0.414,0.326,0.33,95,2.1,-1.3,10.1,3
Nathaniel Lowe,TEX,157,645,27,74,76,2,7.40%,22.80%,0.191,0.363,0.302,0.358,0.492,0.368,0.344,143,-3.9,27.2,-19,3
Starling Marte,NYM,118,505,16,76,63,18,5.10%,19.20%,0.176,0.34,0.292,0.347,0.468,0.355,0.336,136,-0.2,20.8,-9.4,3
Gavin Lux,LAD,129,471,6,66,42,7,10.00%,20.20%,0.124,0.341,0.276,0.346,0.399,0.328,0.314,113,3.2,10.5,1.8,3
DJ LeMahieu,NYY,125,541,12,74,46,4,12.40%,13.10%,0.116,0.285,0.261,0.357,0.377,0.329,0.344,116,-4,6,4.9,3
Brandon Drury,- - -,138,568,28,87,87,2,6.70%,22.20%,0.23,0.293,0.263,0.32,0.492,0.35,0.316,123,-3.6,11.4,-2.5,3
Bryan Reynolds,PIT,145,614,27,74,62,7,9.10%,23.00%,0.199,0.306,0.262,0.345,0.461,0.349,0.329,125,-2.1,16,-9.6,2.8
Jonah Heim,TEX,127,450,16,51,48,2,9.10%,19.30%,0.172,0.249,0.227,0.298,0.399,0.306,0.291,99,-1.8,-2.5,15.1,2.8
Andrew Benintendi,- - -,126,521,5,54,51,8,10.00%,14.80%,0.095,0.352,0.304,0.373,0.399,0.342,0.334,122,0.6,13.5,-3.3,2.8
Vladimir Guerrero Jr.,TOR,160,706,32,90,97,8,8.20%,16.40%,0.205,0.289,0.274,0.339,0.48,0.351,0.347,132,-6,19.2,-15.1,2.8
Gleyber Torres,NYY,140,572,24,73,76,10,6.80%,22.60%,0.194,0.295,0.257,0.31,0.451,0.328,0.319,115,-0.2,9.8,-1.5,2.8
Randy Arozarena,TBR,153,645,20,72,89,32,7.10%,24.20%,0.183,0.325,0.263,0.327,0.445,0.336,0.301,125,-4.3,13.8,-7.9,2.8
Mark Canha,NYM,140,542,13,71,61,3,8.90%,17.90%,0.136,0.309,0.266,0.367,0.403,0.343,0.323,128,-1,16.7,-8.6,2.8
Jorge Mateo,BAL,150,533,13,63,50,35,5.10%,27.60%,0.158,0.286,0.221,0.267,0.379,0.281,0.272,82,5.8,-5.2,14.3,2.7
Thairo Estrada,SFG,140,541,14,71,62,21,6.10%,16.50%,0.139,0.29,0.26,0.322,0.4,0.317,0.299,106,2.4,6.2,1.6,2.7
Brendan Donovan,STL,126,468,5,64,45,2,12.80%,15.00%,0.097,0.33,0.281,0.394,0.379,0.349,0.339,129,-1.9,14,-3.8,2.7
Lars Nootbaar,STL,108,347,14,53,40,4,14.70%,20.50%,0.221,0.248,0.228,0.34,0.448,0.342,0.346,125,1.4,11.3,2.6,2.7
Josh Rojas,ARI,125,510,9,66,56,23,10.80%,19.20%,0.122,0.323,0.269,0.349,0.391,0.326,0.305,108,6.2,11.2,-3,2.7
Kyle Schwarber,PHI,155,669,46,100,94,10,12.90%,29.90%,0.286,0.24,0.218,0.323,0.504,0.355,0.375,128,-0.8,21.2,-18.9,2.6
Ramon Urias,BAL,118,445,16,50,51,1,6.70%,22.00%,0.166,0.287,0.248,0.305,0.414,0.313,0.32,104,0,2.1,8.6,2.6
Danny Jansen,TOR,72,248,15,34,44,1,10.10%,17.70%,0.256,0.255,0.26,0.339,0.516,0.364,0.366,140,0.8,12,4.8,2.6
Jazz Chisholm Jr.,MIA,60,241,14,39,45,12,8.70%,27.40%,0.282,0.294,0.254,0.325,0.535,0.365,0.345,139,3.1,14.1,2.3,2.6
Dylan Carlson,STL,128,488,8,56,42,5,9.20%,19.30%,0.144,0.281,0.236,0.316,0.38,0.306,0.301,100,3.8,4,4,2.6
Hunter Renfroe,MIL,125,522,29,62,72,1,7.50%,23.20%,0.236,0.281,0.255,0.315,0.492,0.347,0.323,124,-1.6,12.9,-6.2,2.5
Trayce Thompson,- - -,80,255,13,36,41,4,12.50%,36.50%,0.251,0.374,0.256,0.353,0.507,0.37,0.366,142,3.2,15.8,-0.3,2.5
Anthony Santander,BAL,152,647,33,78,89,0,8.50%,18.90%,0.214,0.248,0.24,0.318,0.455,0.336,0.352,120,0.3,14.9,-11.9,2.5
Jurickson Profar,SDP,152,658,15,82,58,5,11.10%,15.70%,0.148,0.272,0.243,0.331,0.391,0.32,0.315,110,-1.4,6.3,-4.9,2.5
Teoscar Hernandez,TOR,131,535,25,71,77,6,6.40%,28.40%,0.224,0.335,0.267,0.316,0.491,0.348,0.351,129,-2.5,15,-8.4,2.5
Amed Rosario,CLE,153,670,11,86,71,18,3.70%,16.60%,0.121,0.326,0.283,0.312,0.403,0.311,0.31,103,1.5,3.4,-1.2,2.5
William Contreras,ATL,97,376,20,51,45,2,10.40%,27.70%,0.228,0.344,0.278,0.354,0.506,0.37,0.347,138,-2.6,14,-3.4,2.4
Kolten Wong,MIL,134,497,15,65,47,17,9.30%,17.70%,0.179,0.28,0.251,0.339,0.43,0.336,0.305,117,3.4,12.9,-6.5,2.4
Isaac Paredes,TBR,111,381,20,48,45,0,11.50%,17.60%,0.23,0.195,0.205,0.304,0.435,0.323,0.297,116,-0.7,6.2,4.7,2.4
Anthony Rizzo,NYY,130,548,32,77,75,6,10.60%,18.40%,0.256,0.216,0.224,0.338,0.48,0.352,0.349,132,-3.6,16.4,-10.9,2.4
Justin Turner,LAD,128,532,13,61,81,3,9.40%,16.70%,0.16,0.313,0.278,0.35,0.438,0.343,0.339,123,-3.1,11.4,-6.4,2.4
Trevor Story,BOS,94,396,16,53,66,13,8.10%,30.80%,0.196,0.309,0.238,0.303,0.434,0.316,0.301,100,2.9,3.1,7.1,2.4
Max Muncy,LAD,136,565,21,69,69,2,15.90%,25.00%,0.188,0.227,0.196,0.329,0.384,0.318,0.339,106,2.1,6.3,-2.7,2.4
Gio Urshela,MIN,144,551,13,61,64,1,7.40%,17.40%,0.144,0.326,0.285,0.338,0.429,0.332,0.323,119,-6.2,5.6,-0.6,2.4
Ty France,SEA,140,613,20,65,83,0,5.70%,15.30%,0.162,0.296,0.274,0.338,0.436,0.337,0.321,126,-2.8,14.9,-11.9,2.4
Bryce Harper,PHI,99,426,18,63,65,11,10.80%,20.40%,0.227,0.324,0.286,0.364,0.514,0.369,0.38,138,-0.9,18.1,-9.9,2.4
Wander Franco,TBR,83,344,6,46,33,8,7.60%,9.60%,0.14,0.29,0.277,0.328,0.417,0.323,0.331,116,4,10.3,1.2,2.4
Bobby Witt Jr.,KCR,150,632,20,82,80,30,4.70%,21.40%,0.174,0.295,0.254,0.294,0.428,0.311,0.313,99,6.8,6.3,-4.2,2.3
Eduardo Escobar,NYM,136,542,20,58,69,0,7.40%,23.80%,0.19,0.281,0.24,0.295,0.43,0.311,0.314,106,3.1,6.9,-3,2.3
Jake McCarthy,ARI,99,354,8,53,43,23,6.50%,21.50%,0.143,0.349,0.283,0.342,0.427,0.337,0.298,116,7.7,14.3,-4.1,2.3
Jon Berti,MIA,102,404,4,47,28,41,10.40%,22.00%,0.098,0.308,0.24,0.324,0.338,0.298,0.306,93,8,4.9,3.6,2.3
Santiago Espinal,TOR,135,491,7,51,51,6,7.30%,13.80%,0.102,0.3,0.267,0.322,0.37,0.305,0.298,99,-1.5,-1.9,8.2,2.3
Matt Carpenter,NYY,47,154,15,28,37,0,12.30%,22.70%,0.422,0.304,0.305,0.412,0.727,0.472,0.36,217,-0.9,19.4,-2.6,2.3
Luis Urias,MIL,119,472,16,54,47,1,10.60%,21.00%,0.165,0.274,0.239,0.335,0.404,0.327,0.326,110,0.2,5.8,0,2.3
Christian Yelich,MIL,154,671,14,99,57,19,13.10%,24.10%,0.13,0.327,0.252,0.355,0.383,0.328,0.339,111,3.4,11.9,-13.1,2.2
Rhys Hoskins,PHI,156,672,30,81,79,2,10.70%,25.10%,0.216,0.292,0.246,0.332,0.462,0.345,0.338,122,-3.4,13.7,-15,2.2
Ronald Acuna Jr.,ATL,119,533,15,71,50,29,9.90%,23.60%,0.148,0.331,0.266,0.351,0.413,0.335,0.365,114,4.8,13.6,-11.1,2.1
Mike Yastrzemski,SFG,148,558,17,73,57,5,10.90%,25.30%,0.177,0.261,0.214,0.305,0.392,0.307,0.314,99,2.6,1.8,-0.2,2.1
Luis Robert,CHW,98,401,12,54,56,11,4.20%,19.20%,0.142,0.329,0.284,0.319,0.426,0.324,0.327,111,4.4,9.5,-1.9,2.1
Jace Peterson,MIL,113,328,8,44,34,12,10.10%,25.90%,0.146,0.303,0.236,0.316,0.382,0.306,0.3,96,5.2,3.7,5.6,2.1
Trent Grisham,SDP,152,524,17,58,53,7,10.90%,28.60%,0.157,0.231,0.184,0.284,0.341,0.28,0.296,83,5.8,-4.7,7.3,2.1
Tyrone Taylor,MIL,120,405,17,49,51,3,5.40%,25.20%,0.209,0.272,0.233,0.286,0.442,0.314,0.307,102,1.2,2.1,4.5,2.1
Dylan Moore,SEA,104,255,6,41,24,21,13.30%,29.40%,0.161,0.32,0.224,0.368,0.385,0.338,0.322,126,2.5,10,2.1,2.1
Austin Slater,SFG,125,325,7,49,34,12,12.30%,27.40%,0.144,0.361,0.264,0.366,0.408,0.344,0.351,124,3.5,12.7,-3.6,2.1
Seiya Suzuki,CHC,111,446,14,54,46,9,9.40%,24.70%,0.171,0.326,0.262,0.336,0.433,0.334,0.326,116,-0.4,7.9,-3,2.1
Brandon Crawford,SFG,118,458,9,50,52,1,8.50%,21.40%,0.113,0.28,0.231,0.308,0.344,0.289,0.287,87,1.8,-5.3,9.6,2.1
Joc Pederson,SFG,134,433,23,57,70,3,9.70%,23.10%,0.247,0.31,0.274,0.353,0.521,0.373,0.367,144,0.4,22.6,-17.8,2
J.P. Crawford,SEA,145,603,6,57,42,3,11.30%,13.30%,0.093,0.275,0.243,0.339,0.336,0.306,0.315,104,-1,1.4,-1.4,2
Tim Anderson,CHW,79,351,6,50,25,13,4.00%,15.70%,0.093,0.347,0.301,0.339,0.395,0.323,0.34,110,2.8,6.8,1.1,2
Max Kepler,MIN,115,446,9,54,43,3,11.00%,14.80%,0.121,0.249,0.227,0.318,0.348,0.298,0.338,95,0.8,-1.8,6.6,2
Chas McCormick,HOU,119,407,14,47,44,4,11.30%,26.00%,0.162,0.308,0.245,0.332,0.407,0.326,0.325,114,-1.1,5.2,0.8,2
Javier Baez,DET,144,590,17,64,67,9,4.40%,24.90%,0.155,0.292,0.238,0.278,0.393,0.291,0.285,90,2.5,-4.3,4.1,2
Myles Straw,CLE,152,596,0,72,32,21,9.10%,14.60%,0.052,0.261,0.221,0.291,0.273,0.257,0.275,64,7.6,-16.4,15.8,1.9
Jose Siri,- - -,104,325,7,53,24,14,6.20%,33.20%,0.126,0.305,0.213,0.268,0.339,0.268,0.261,75,5.6,-3.4,11.2,1.9
Josh Bell,- - -,156,647,17,78,71,0,12.50%,15.80%,0.156,0.296,0.266,0.362,0.422,0.344,0.349,123,-5.6,11.3,-14.9,1.9
Chris Taylor,LAD,118,454,10,45,43,10,9.70%,35.20%,0.152,0.336,0.221,0.304,0.373,0.298,0.277,93,3.4,-0.4,3.2,1.9
Seby Zavala,CHW,61,205,2,22,21,0,9.30%,31.20%,0.112,0.404,0.27,0.347,0.382,0.323,0.283,111,-0.7,1.7,9.5,1.9
Christian Bethancourt,- - -,101,333,11,39,34,5,3.60%,24.00%,0.157,0.304,0.252,0.283,0.409,0.301,0.318,101,-1,-0.8,7.9,1.9
Jorge Polanco,MIN,104,445,16,54,56,3,14.40%,21.30%,0.171,0.269,0.235,0.346,0.405,0.333,0.358,119,0.9,10.5,-7.3,1.8
Seth Brown,OAK,150,555,25,55,73,11,9.20%,26.30%,0.214,0.273,0.23,0.305,0.444,0.323,0.338,117,2.4,12.7,-13.2,1.8
Albert Pujols,STL,109,351,24,42,68,1,8.00%,15.70%,0.28,0.252,0.27,0.345,0.55,0.38,0.365,151,-6.6,14,-8.6,1.8
Cody Bellinger,LAD,144,550,19,70,68,14,6.90%,27.30%,0.179,0.255,0.21,0.265,0.389,0.284,0.278,83,4.5,-6.2,4.6,1.8
Eloy Jimenez,CHW,84,327,16,40,54,0,8.60%,22.00%,0.205,0.337,0.295,0.358,0.5,0.37,0.365,144,-1.4,14.7,-8.5,1.7
Jean Segura,PHI,98,387,10,45,33,13,6.50%,15.00%,0.11,0.307,0.277,0.336,0.387,0.32,0.303,105,-1.6,0.4,3.1,1.7
Jack Suwinski,PIT,106,372,19,45,38,4,11.00%,30.60%,0.209,0.242,0.202,0.298,0.411,0.311,0.307,100,0.6,0.4,3.6,1.7
Keibert Ruiz,WSN,112,433,7,33,36,6,6.90%,11.50%,0.109,0.271,0.251,0.313,0.36,0.299,0.328,90,-0.2,-5.2,7,1.7
Brendan Rodgers,COL,137,581,13,72,63,0,7.90%,17.40%,0.142,0.304,0.266,0.325,0.408,0.321,0.326,92,-1.7,-7.2,3.5,1.7
David Peralta,- - -,134,490,12,39,59,1,8.40%,23.30%,0.164,0.307,0.251,0.316,0.415,0.315,0.313,104,0.1,2.4,-2.7,1.7
Josh Naylor,CLE,122,498,20,47,79,6,7.60%,16.10%,0.196,0.268,0.256,0.319,0.452,0.331,0.327,117,-3.6,5.8,-5.7,1.7
Brandon Marsh,- - -,134,461,11,49,52,10,6.10%,34.30%,0.139,0.36,0.245,0.295,0.384,0.296,0.287,89,2.5,-2.9,3.8,1.7
Kyle Higashioka,NYY,83,248,10,27,31,0,4.80%,21.00%,0.162,0.246,0.227,0.264,0.389,0.282,0.317,83,-0.1,-4.8,12.6,1.7
Luis Rengifo,LAA,127,511,17,45,52,6,3.30%,15.50%,0.166,0.285,0.264,0.294,0.429,0.314,0.296,103,1.4,2.8,-3.5,1.6
Reese McGuire,- - -,89,274,3,25,22,1,4.40%,20.40%,0.1,0.332,0.269,0.307,0.369,0.297,0.267,90,-1.9,-5.1,11.9,1.6
Christian Vazquez,- - -,119,426,9,41,52,1,5.20%,16.20%,0.126,0.31,0.274,0.315,0.399,0.312,0.301,99,-9.9,-10.2,12.1,1.6
Josh Donaldson,NYY,132,546,15,59,62,2,9.90%,27.10%,0.153,0.283,0.222,0.308,0.374,0.302,0.299,97,-4.5,-6.6,4.6,1.6
Ryan Mountcastle,BAL,145,609,22,62,85,4,7.10%,25.30%,0.173,0.303,0.25,0.305,0.423,0.316,0.362,106,0.7,5,-9.3,1.6
Christopher Morel,CHC,113,425,16,55,47,10,8.90%,32.20%,0.198,0.32,0.235,0.308,0.433,0.322,0.324,108,1.9,5.9,-5.2,1.6
Nick Gordon,MIN,138,443,9,45,50,6,4.30%,23.70%,0.156,0.34,0.272,0.316,0.427,0.321,0.333,111,-0.6,4.9,-4.2,1.6
Tyler Stephenson,CIN,50,183,6,24,35,1,6.60%,25.70%,0.163,0.409,0.319,0.372,0.482,0.37,0.318,134,0.6,7.7,0.8,1.5
Oscar Gonzalez,CLE,91,382,11,39,43,1,3.90%,19.60%,0.166,0.345,0.296,0.327,0.461,0.339,0.32,122,-1.3,8.3,-5.7,1.5
Joey Meneses,WSN,56,240,13,33,34,1,6.30%,21.70%,0.239,0.371,0.324,0.367,0.563,0.395,0.332,156,-2.8,12.8,-6.2,1.5
Oswaldo Cabrera,NYY,44,171,6,21,19,3,8.80%,25.70%,0.182,0.305,0.247,0.312,0.429,0.322,0.287,111,0.4,2.6,6.5,1.5
Whit Merrifield,- - -,139,550,11,70,58,16,6.90%,15.50%,0.125,0.276,0.25,0.298,0.375,0.294,0.288,88,2.6,-4.6,1.5,1.5
Michael A. Taylor,KCR,124,456,9,49,43,4,7.70%,23.90%,0.104,0.321,0.254,0.313,0.357,0.297,0.289,90,0.6,-4.8,4.7,1.5
Austin Hays,BAL,145,582,16,66,60,2,5.80%,19.60%,0.163,0.289,0.25,0.306,0.413,0.314,0.298,105,0.6,3.8,-7.8,1.5
Manuel Margot,TBR,89,363,4,36,47,7,6.60%,18.70%,0.101,0.332,0.274,0.325,0.375,0.308,0.299,106,2.3,4.6,-2,1.5
Vinnie Pasquantino,KCR,72,298,10,25,26,1,11.70%,11.40%,0.155,0.306,0.295,0.383,0.45,0.365,0.374,137,-2.1,10.4,-5.8,1.5
Jonathan Schoop,DET,131,510,11,48,38,5,3.70%,21.00%,0.121,0.234,0.202,0.239,0.322,0.245,0.268,57,-0.2,-24.6,22.5,1.5
Daniel Vogelbach,- - -,130,461,18,47,59,0,15.80%,24.70%,0.194,0.29,0.238,0.36,0.433,0.349,0.35,128,-3.3,11.7,-13.1,1.5
Alec Bohm,PHI,152,631,13,79,72,2,4.90%,17.40%,0.118,0.319,0.28,0.315,0.398,0.31,0.333,98,-0.5,-2.2,-5,1.5
Sam Haggerty,SEA,83,201,5,29,23,13,9.00%,26.40%,0.148,0.333,0.256,0.335,0.403,0.32,0.285,114,2.2,5.3,2.3,1.5
Harrison Bader,- - -,86,313,5,38,30,17,4.80%,19.80%,0.106,0.3,0.25,0.294,0.356,0.286,0.27,86,4.2,-0.7,4.3,1.5
Tony Kemp,OAK,147,558,7,61,46,11,8.10%,12.40%,0.099,0.259,0.235,0.307,0.334,0.287,0.267,91,4.1,-1.4,-2.6,1.4
Aaron Hicks,NYY,130,453,8,54,40,10,13.70%,24.10%,0.096,0.279,0.216,0.33,0.313,0.292,0.303,90,2.5,-2.6,1.8,1.4
Ketel Marte,ARI,137,558,12,68,52,5,9.90%,18.10%,0.167,0.276,0.24,0.321,0.407,0.317,0.315,102,-0.9,0.6,-5.8,1.4
Isiah Kiner-Falefa,NYY,142,531,4,66,48,22,6.60%,13.60%,0.066,0.296,0.261,0.314,0.327,0.285,0.29,85,1.1,-7.8,4.3,1.4
Josh Harrison,CHW,119,425,7,50,27,2,4.90%,16.70%,0.114,0.297,0.256,0.317,0.37,0.305,0.284,98,-1.6,-2.8,2.6,1.4
Corbin Carroll,ARI,32,115,4,13,14,2,7.00%,27.00%,0.24,0.333,0.26,0.33,0.5,0.358,0.293,130,0.9,4.9,4.6,1.4
Wilmer Flores,SFG,151,602,19,72,71,0,9.80%,17.10%,0.166,0.246,0.229,0.316,0.394,0.312,0.31,103,-1.4,0.5,-7.4,1.4
Garrett Cooper,MIA,119,469,9,37,50,0,8.50%,25.40%,0.155,0.34,0.261,0.337,0.415,0.33,0.341,115,-2.2,6.2,-8.6,1.4
Bryson Stott,PHI,127,466,10,58,49,12,7.70%,19.10%,0.124,0.274,0.234,0.295,0.358,0.289,0.284,83,4.7,-4.3,1.8,1.4
Nick Fortes,MIA,72,240,9,41,24,5,7.50%,18.80%,0.161,0.252,0.23,0.304,0.392,0.308,0.319,100,0,0,5.1,1.4
Kyle Farmer,CIN,145,583,14,58,78,4,5.70%,17.00%,0.131,0.286,0.255,0.315,0.386,0.309,0.311,92,-4.6,-10.3,3.9,1.4
Ildemaro Vargas,- - -,63,222,4,19,23,3,3.60%,10.40%,0.129,0.279,0.263,0.299,0.392,0.302,0.255,92,0.5,-1.5,7,1.4
Austin Barnes,LAD,62,212,8,31,26,2,12.70%,17.50%,0.168,0.222,0.212,0.324,0.38,0.315,0.298,104,-2.1,-1.1,7,1.4
Luis Guillorme,NYM,102,335,2,33,17,1,10.10%,13.70%,0.067,0.317,0.273,0.351,0.34,0.311,0.302,106,-6.1,-3.7,5.3,1.3
Rob Refsnyder,BOS,57,177,6,25,21,1,8.50%,26.00%,0.19,0.394,0.307,0.384,0.497,0.381,0.374,146,1.7,10.9,-3.8,1.3
Cavan Biggio,TOR,97,303,6,43,24,2,12.50%,28.10%,0.148,0.275,0.202,0.318,0.35,0.302,0.288,97,2.2,1,2,1.3
Eric Haase,DET,110,351,14,41,44,0,6.80%,27.60%,0.189,0.316,0.254,0.305,0.443,0.322,0.302,112,-1.5,3.1,-1.7,1.3
Kevin Newman,PIT,78,309,2,31,24,8,5.20%,15.50%,0.097,0.322,0.274,0.316,0.372,0.303,0.285,94,3,0.7,1.4,1.3
Gary Sanchez,MIN,128,471,16,42,61,2,8.50%,28.90%,0.172,0.257,0.205,0.282,0.377,0.29,0.321,89,-2.6,-8.3,5.7,1.3
Tyler O'Neill,STL,96,383,14,56,58,14,9.90%,26.90%,0.165,0.277,0.228,0.308,0.392,0.307,0.331,101,1.4,1.9,-2.5,1.3
Ji-Man Choi,TBR,113,419,11,36,52,0,13.80%,29.40%,0.154,0.32,0.233,0.341,0.388,0.322,0.337,116,-2.7,4.6,-5.7,1.3
C.J. Cron,COL,150,632,29,79,102,0,6.80%,25.90%,0.21,0.307,0.257,0.315,0.468,0.335,0.32,101,0.5,1.5,-10.7,1.3
Evan Longoria,SFG,89,298,14,31,42,0,9.10%,27.90%,0.207,0.297,0.244,0.315,0.451,0.33,0.324,115,-2.3,2.8,-0.8,1.3
Joey Wendle,MIA,101,371,3,27,32,12,4.00%,13.50%,0.101,0.293,0.259,0.297,0.36,0.289,0.276,87,0,-5.6,4.9,1.2
Nicky Lopez,KCR,142,480,0,51,20,13,6.00%,13.10%,0.046,0.265,0.227,0.281,0.273,0.251,0.273,57,5.2,-18.2,14.7,1.2
Harold Ramirez,TBR,120,435,6,46,58,3,4.40%,16.60%,0.104,0.35,0.3,0.343,0.404,0.327,0.314,119,-2.3,7,-9.3,1.2
Edmundo Sosa,- - -,78,190,2,26,21,6,2.60%,26.30%,0.142,0.304,0.227,0.275,0.369,0.282,0.286,82,2.2,-1.8,7,1.2
Alex Verdugo,BOS,152,644,11,75,74,1,6.50%,13.40%,0.125,0.309,0.28,0.328,0.405,0.319,0.329,103,-1.1,0.8,-9.7,1.2
Michael Brantley,HOU,64,277,5,28,26,1,11.20%,10.80%,0.128,0.311,0.288,0.37,0.416,0.345,0.374,127,-0.7,7.7,-5,1.2
Oneil Cruz,PIT,87,361,17,45,54,10,7.80%,34.90%,0.218,0.317,0.233,0.294,0.45,0.32,0.304,106,2,4.5,-5.1,1.2
Miguel Rojas,MIA,140,507,6,34,36,9,5.10%,12.00%,0.087,0.258,0.236,0.283,0.323,0.268,0.293,73,-4,-19.9,14.2,1.2
Leody Taveras,TEX,99,341,5,39,34,11,6.20%,25.80%,0.105,0.344,0.261,0.309,0.366,0.297,0.267,93,2.2,-0.6,1.1,1.2
Victor Caratini,MIL,96,314,9,26,34,0,9.90%,21.30%,0.143,0.228,0.199,0.3,0.342,0.289,0.309,84,-3.2,-8.9,9.5,1.2
Giancarlo Stanton,NYY,110,452,31,53,78,0,11.10%,30.30%,0.251,0.227,0.211,0.297,0.462,0.327,0.35,115,-2.6,4.8,-8.2,1.2
Omar Narvaez,MIL,84,296,4,21,23,0,9.80%,19.30%,0.099,0.248,0.206,0.292,0.305,0.269,0.268,71,-0.3,-10.3,11.3,1.1
Ozzie Albies,ATL,64,269,8,36,35,3,5.90%,17.50%,0.162,0.27,0.247,0.294,0.409,0.305,0.294,93,1.5,-0.7,2.5,1.1
Jose Miranda,MIN,125,483,15,45,66,1,5.80%,18.80%,0.158,0.307,0.268,0.325,0.426,0.329,0.317,117,-4.5,4.6,-9.4,1.1
Adam Frazier,SEA,156,602,3,61,42,11,7.60%,12.10%,0.072,0.268,0.238,0.301,0.311,0.274,0.297,81,-0.2,-13.1,4.4,1.1
Lane Thomas,WSN,146,548,17,62,52,8,7.50%,24.10%,0.163,0.291,0.241,0.301,0.404,0.308,0.286,96,-0.6,-3,-5.2,1.1
Trevor Larnach,MIN,51,180,5,22,18,0,10.00%,31.70%,0.175,0.32,0.231,0.306,0.406,0.309,0.322,102,0.6,1,3.5,1.1
Kevin Kiermaier,TBR,63,221,7,28,22,6,6.30%,27.60%,0.141,0.29,0.228,0.281,0.369,0.286,0.305,90,3.2,0.7,2.4,1.1
Patrick Wisdom,CHC,134,534,25,67,66,8,9.90%,34.30%,0.22,0.274,0.207,0.298,0.426,0.316,0.295,104,0.6,3,-11.1,1
Carlos Santana,- - -,131,506,19,52,60,0,14.00%,17.40%,0.174,0.209,0.202,0.316,0.376,0.308,0.352,102,1,2,-8.2,1
Wil Myers,SDP,77,286,7,29,41,2,7.30%,30.10%,0.138,0.357,0.261,0.315,0.398,0.311,0.288,104,1.2,2.4,-2.3,1
J.D. Martinez,BOS,139,596,16,76,62,0,8.70%,24.30%,0.174,0.345,0.274,0.341,0.448,0.343,0.349,119,-7.3,5.8,-15,1
Emmanuel Rivera,- - -,102,359,12,46,40,1,6.40%,23.10%,0.176,0.275,0.233,0.292,0.409,0.306,0.31,95,-0.9,-2.7,0.7,1
Jake Fraley,CIN,68,247,12,33,28,4,10.50%,21.90%,0.208,0.289,0.259,0.344,0.468,0.352,0.333,121,1.6,7.6,-6.3,1
Lourdes Gurriel Jr.,TOR,121,493,5,52,52,3,6.30%,16.80%,0.108,0.346,0.291,0.343,0.4,0.327,0.321,114,-4.1,3.8,-9.9,1
Jose Iglesias,COL,118,467,3,48,47,2,3.60%,12.00%,0.089,0.326,0.292,0.328,0.38,0.312,0.281,85,-3.3,-11.2,5,1
Adam Duvall,ATL,86,315,12,39,36,0,6.70%,32.10%,0.188,0.278,0.213,0.276,0.401,0.295,0.293,87,2.7,-2.2,1.1,1
Yoan Moncada,CHW,104,433,12,41,51,2,7.40%,26.30%,0.141,0.265,0.212,0.273,0.353,0.275,0.289,76,1.3,-10.2,5.4,0.9
Tomas Nido,NYM,98,313,3,31,28,0,4.50%,24.30%,0.085,0.314,0.239,0.276,0.324,0.265,0.287,74,-7,-16.3,14.8,0.9
J.D. Davis,- - -,115,365,12,46,35,1,10.70%,33.40%,0.17,0.36,0.248,0.34,0.418,0.333,0.353,119,-3.1,5.1,-8.5,0.9
David Villar,SFG,52,181,9,21,24,0,9.90%,32.00%,0.224,0.3,0.231,0.331,0.455,0.344,0.283,124,-0.3,4.8,-2,0.9
Rodolfo Castro,PIT,71,278,11,25,27,5,7.90%,26.60%,0.194,0.284,0.233,0.299,0.427,0.315,0.28,103,0.3,1.1,-1.7,0.9
Ryan Jeffers,MIN,67,236,7,25,27,0,9.70%,26.30%,0.156,0.259,0.208,0.285,0.363,0.287,0.315,87,-1.3,-4.7,5.8,0.9
Eli White,TEX,47,117,3,16,10,12,9.40%,35.00%,0.105,0.29,0.2,0.274,0.305,0.26,0.255,67,4.2,-0.2,5.1,0.9
Zach McKinstry,- - -,57,185,5,21,14,7,8.60%,28.10%,0.163,0.257,0.199,0.273,0.361,0.28,0.288,79,3.9,-0.6,2.9,0.9
Brandon Lowe,TBR,65,266,8,31,25,1,10.20%,22.90%,0.162,0.263,0.221,0.308,0.383,0.306,0.32,104,2,3.3,-3.2,0.9
Ramon Laureano,OAK,94,383,13,49,34,11,6.50%,27.20%,0.165,0.262,0.211,0.287,0.376,0.294,0.307,96,3,1.2,-4.9,0.9
Nate Eaton,KCR,44,122,1,16,12,11,8.20%,24.60%,0.123,0.346,0.264,0.331,0.387,0.313,0.297,101,3.1,3.2,1.2,0.9
Charles Leblanc,MIA,48,169,4,18,11,4,7.10%,31.40%,0.141,0.374,0.263,0.32,0.404,0.318,0.285,107,1.4,2.8,-0.3,0.9
Trey Mancini,- - -,143,587,18,56,63,0,9.00%,23.00%,0.152,0.286,0.239,0.319,0.391,0.312,0.327,104,-3,-0.5,-10,0.9
Jesus Sanchez,MIA,98,343,13,38,36,1,7.60%,26.80%,0.188,0.258,0.214,0.28,0.403,0.298,0.295,93,-1.5,-4.1,0.7,0.9
Anthony Rendon,LAA,47,193,5,15,24,2,11.90%,18.10%,0.151,0.258,0.229,0.326,0.38,0.314,0.331,103,-0.2,0.4,1.4,0.8
Danny Mendick,CHW,31,106,3,22,15,1,6.60%,21.70%,0.155,0.352,0.289,0.343,0.443,0.344,0.273,125,1,4,0.6,0.8
Rowdy Tellez,MIL,153,599,35,67,89,2,10.40%,20.20%,0.242,0.215,0.219,0.306,0.461,0.327,0.349,110,-6.6,0.7,-12.9,0.8
Keston Hiura,MIL,80,266,14,34,32,5,8.60%,41.70%,0.222,0.355,0.226,0.316,0.449,0.334,0.317,115,0.7,5.3,-6.4,0.8
Riley Greene,DET,93,418,5,46,42,1,8.60%,28.70%,0.109,0.354,0.253,0.321,0.362,0.303,0.316,98,-0.1,-1.1,-4.3,0.8
Mitch Haniger,SEA,57,247,11,31,34,0,8.10%,26.30%,0.183,0.293,0.246,0.308,0.429,0.319,0.328,113,-0.9,2.7,-2.8,0.8
Ryan McKenna,BAL,105,172,2,23,11,2,6.40%,32.00%,0.103,0.35,0.237,0.294,0.34,0.279,0.267,80,2.7,-1.1,3.3,0.8
Gunnar Henderson,BAL,34,132,4,12,18,1,12.10%,25.80%,0.181,0.333,0.259,0.348,0.44,0.343,0.338,125,-0.2,3.6,-0.3,0.8
Luke Maile,CLE,76,206,3,19,17,0,9.20%,26.20%,0.105,0.291,0.221,0.301,0.326,0.281,0.263,81,-1.1,-5.4,5.9,0.7
Vaughn Grissom,ATL,41,156,5,24,18,5,7.10%,21.80%,0.149,0.35,0.291,0.353,0.44,0.345,0.326,121,1.9,5.7,-4.1,0.7
Willi Castro,DET,112,392,8,47,31,9,3.80%,20.90%,0.126,0.288,0.241,0.284,0.367,0.285,0.29,86,1.6,-4.7,-0.9,0.7
Kyle Isbel,KCR,106,278,5,32,28,9,5.80%,27.00%,0.129,0.275,0.211,0.264,0.34,0.265,0.266,67,-0.8,-11.1,8.9,0.7
Rafael Ortega,CHC,118,371,7,35,35,12,11.90%,19.90%,0.117,0.285,0.241,0.331,0.358,0.305,0.307,96,-3.5,-5.2,-0.7,0.7
David Fletcher,LAA,61,228,2,20,17,1,3.10%,7.00%,0.079,0.268,0.255,0.288,0.333,0.275,0.295,75,-1.5,-7.9,7.2,0.7
Tommy Pham,- - -,144,622,17,89,63,8,9.00%,26.80%,0.137,0.304,0.236,0.312,0.374,0.304,0.311,89,1.9,-5.7,-8.5,0.7
Yonathan Daza,COL,113,408,2,56,34,0,6.40%,14.20%,0.083,0.347,0.301,0.349,0.384,0.323,0.308,93,-0.1,-3.2,-4.2,0.7
Orlando Arcia,ATL,68,234,9,25,30,0,9.00%,21.80%,0.172,0.278,0.244,0.316,0.416,0.321,0.329,104,-0.1,1,-2.6,0.7
Aristides Aquino,CIN,80,276,10,24,30,2,6.20%,36.60%,0.166,0.277,0.197,0.246,0.363,0.267,0.243,63,1.6,-10.4,7.4,0.7
Alex Call,- - -,47,131,5,18,13,3,11.50%,22.90%,0.175,0.278,0.237,0.336,0.412,0.332,0.281,113,0.3,2.2,-0.4,0.6
Joey Bart,SFG,97,291,11,34,25,2,8.90%,38.50%,0.149,0.326,0.215,0.296,0.364,0.294,0.296,90,-1.5,-4.8,1,0.6
Geraldo Perdomo,ARI,148,500,5,58,40,9,10.00%,20.60%,0.067,0.243,0.195,0.285,0.262,0.253,0.269,58,5.4,-18.7,7.8,0.6
Aledmys Diaz,HOU,92,327,12,35,38,1,5.50%,16.20%,0.161,0.256,0.243,0.287,0.403,0.301,0.308,96,-3.8,-5.3,0.7,0.6
Owen Miller,CLE,130,472,6,53,51,2,6.80%,19.70%,0.108,0.29,0.243,0.301,0.351,0.287,0.291,85,1,-6.9,-2.3,0.6
Kris Bryant,COL,42,181,5,28,14,0,9.40%,14.90%,0.169,0.338,0.306,0.376,0.475,0.37,0.344,125,-0.6,4.7,-5,0.6
Joey Gallo,- - -,126,410,19,48,47,3,13.70%,39.80%,0.197,0.219,0.16,0.28,0.357,0.286,0.295,85,0.5,-6.3,-1.3,0.6
Yan Gomes,CHC,86,293,8,23,31,2,2.70%,16.00%,0.13,0.252,0.235,0.26,0.365,0.271,0.287,73,-2,-11.2,7,0.6
Mike Brosseau,MIL,70,160,6,15,23,2,8.80%,30.00%,0.163,0.345,0.255,0.344,0.418,0.338,0.3,118,0.8,4.2,-3.9,0.6
Garrett Stubbs,PHI,50,121,5,19,16,2,11.60%,24.80%,0.198,0.324,0.264,0.35,0.462,0.355,0.275,128,1.5,5.5,-4,0.6
Bryan De La Cruz,MIA,115,355,13,38,43,4,5.40%,25.40%,0.179,0.304,0.252,0.294,0.432,0.313,0.355,104,-1.2,0.4,-6.8,0.6
Jose Azocar,SDP,98,216,0,24,10,5,5.60%,20.40%,0.074,0.327,0.257,0.298,0.332,0.278,0.277,81,-1.6,-6.3,4.6,0.6
Alek Thomas,ARI,113,411,8,45,39,4,5.40%,18.00%,0.113,0.263,0.231,0.275,0.344,0.272,0.277,71,1.8,-11.8,3.5,0.6
Michael Massey,KCR,52,194,4,16,17,3,4.60%,23.70%,0.133,0.304,0.243,0.307,0.376,0.302,0.332,93,1.4,-0.2,-0.5,0.6
Tyler Heineman,- - -,62,174,0,16,9,1,4.60%,9.80%,0.051,0.243,0.217,0.276,0.268,0.248,0.273,57,-1.1,-9.8,9.4,0.6
Stuart Fairchild,- - -,46,110,5,14,6,0,7.30%,30.90%,0.216,0.328,0.247,0.336,0.464,0.35,0.317,122,-1.2,1.4,0.3,0.6
T.J. Friedl,CIN,72,258,8,33,25,7,7.80%,15.50%,0.196,0.251,0.24,0.314,0.436,0.323,0.283,101,0.9,1.3,-4.5,0.6
Jorge Soler,MIA,72,306,13,32,34,0,10.10%,29.40%,0.193,0.256,0.207,0.295,0.4,0.305,0.322,98,-0.8,-1.4,-3.5,0.6
Nick Allen,OAK,100,326,4,31,19,3,5.80%,19.60%,0.084,0.25,0.207,0.256,0.291,0.245,0.238,61,0.5,-13.8,8.6,0.5
Kerry Carpenter,DET,31,113,6,16,10,0,5.30%,28.30%,0.233,0.303,0.252,0.31,0.485,0.342,0.294,126,-0.1,3.1,-1.7,0.5
Odubel Herrera,PHI,62,197,5,23,21,6,5.60%,21.30%,0.141,0.281,0.238,0.279,0.378,0.287,0.272,82,0.8,-3.3,1.6,0.5
Nolan Gorman,STL,89,313,14,44,35,1,8.90%,32.90%,0.194,0.301,0.226,0.3,0.42,0.316,0.341,107,-0.1,2.4,-8,0.5
Martin Maldonado,HOU,113,379,15,40,45,0,5.80%,30.60%,0.166,0.228,0.186,0.248,0.352,0.264,0.253,70,-3.9,-16.6,9.4,0.5
Salvador Perez,KCR,114,473,23,48,76,0,3.80%,23.00%,0.211,0.285,0.254,0.292,0.465,0.324,0.326,108,-3.2,1.4,-11.6,0.5
Sam Huff,TEX,44,132,4,9,10,1,8.30%,31.80%,0.132,0.333,0.24,0.303,0.372,0.296,0.294,92,0.4,-0.8,1.4,0.5
David Bote,CHC,41,127,4,15,12,1,4.70%,35.40%,0.172,0.382,0.259,0.315,0.431,0.325,0.289,110,-0.2,1.3,-0.8,0.5
Donovan Solano,CIN,80,304,4,22,24,0,6.30%,20.10%,0.101,0.349,0.284,0.339,0.385,0.319,0.315,98,-2,-2.6,-2.9,0.5
Jorge Alfaro,SDP,82,274,7,25,40,1,4.00%,35.80%,0.137,0.364,0.246,0.285,0.383,0.291,0.295,90,0,-3.2,-1.4,0.5
Corey Dickerson,STL,97,297,6,28,36,0,4.00%,16.20%,0.132,0.301,0.267,0.3,0.399,0.303,0.293,98,-0.4,-1.2,-4.2,0.5
Jake Cave,MIN,54,177,5,17,20,2,6.20%,27.70%,0.171,0.268,0.213,0.26,0.384,0.278,0.285,81,0.9,-3,1.8,0.5
Brian Serven,COL,62,205,6,19,16,0,6.30%,21.50%,0.128,0.232,0.203,0.261,0.332,0.263,0.254,52,-0.9,-12.3,9.9,0.5
Jason Vosler,SFG,36,111,4,14,12,1,9.00%,26.10%,0.204,0.333,0.265,0.342,0.469,0.349,0.312,127,-0.3,3.2,-2.6,0.5
Carson Kelly,ARI,104,354,7,40,35,2,8.20%,20.10%,0.123,0.247,0.211,0.282,0.334,0.275,0.288,73,-0.4,-11.4,3.7,0.4
Brian Anderson,MIA,98,383,8,43,28,1,9.70%,26.40%,0.124,0.291,0.222,0.311,0.346,0.293,0.309,90,-0.1,-4.5,-4.2,0.4
Victor Robles,WSN,132,407,6,42,33,15,4.20%,25.60%,0.087,0.292,0.224,0.273,0.311,0.26,0.244,64,2.8,-14.3,4.8,0.4
Cesar Hernandez,WSN,147,617,1,64,34,10,7.30%,18.50%,0.07,0.309,0.248,0.311,0.318,0.283,0.29,79,-0.8,-15.9,-0.8,0.4
Curt Casali,- - -,57,176,5,20,17,0,13.60%,28.40%,0.128,0.263,0.203,0.318,0.331,0.295,0.289,92,0.1,-1.5,-0.3,0.4
Jesse Winker,SEA,136,547,14,51,53,0,15.40%,18.80%,0.125,0.251,0.219,0.344,0.344,0.313,0.345,108,-4.3,1,-14.4,0.4
A.J. Pollock,CHW,138,527,14,61,56,3,6.10%,18.60%,0.143,0.278,0.245,0.292,0.389,0.297,0.317,92,-1.5,-6,-6.8,0.4
Enrique Hernandez,BOS,93,402,6,48,45,0,8.50%,17.70%,0.116,0.257,0.222,0.291,0.338,0.28,0.297,75,-0.7,-12,3.1,0.4
Darick Hall,PHI,42,142,9,19,16,0,3.50%,31.00%,0.272,0.301,0.25,0.282,0.522,0.343,0.312,120,-0.5,2.8,-3.8,0.4
Johan Camargo,PHI,52,166,3,8,15,0,7.80%,22.30%,0.079,0.295,0.237,0.297,0.316,0.276,0.267,74,0.6,-4.3,2.5,0.4
Alan Trejo,COL,35,125,4,15,17,1,4.00%,24.80%,0.153,0.337,0.271,0.312,0.424,0.321,0.291,92,0.1,-1,0.6,0.4
Jonathan India,CIN,103,431,10,48,41,3,7.20%,21.80%,0.13,0.305,0.249,0.327,0.378,0.314,0.301,95,-1,-3.5,-7.3,0.4
Matt Reynolds,- - -,93,272,3,31,23,5,9.60%,28.70%,0.086,0.348,0.246,0.32,0.332,0.293,0.272,81,0.3,-5.8,0.4,0.4
Austin Wynns,SFG,66,177,3,14,21,0,5.60%,21.50%,0.099,0.32,0.259,0.313,0.358,0.298,0.267,92,-2.5,-4,1.8,0.4
Taylor Trammell,SEA,43,117,4,15,10,2,11.10%,28.20%,0.206,0.242,0.196,0.284,0.402,0.3,0.292,99,-0.5,-0.6,0.5,0.4
Rougned Odor,BAL,135,472,13,49,53,6,6.80%,23.10%,0.15,0.244,0.207,0.275,0.357,0.278,0.277,80,1.4,-9.4,-2,0.4
James McCann,NYM,61,191,3,19,18,3,5.80%,24.10%,0.086,0.244,0.195,0.257,0.282,0.243,0.311,59,0.3,-8.7,5.8,0.4
Drew Waters,KCR,32,109,5,14,18,0,11.00%,36.70%,0.24,0.353,0.24,0.324,0.479,0.347,0.296,125,-0.2,2.9,-2.8,0.4
Bubba Thompson,TEX,55,181,1,18,9,18,3.90%,30.90%,0.047,0.389,0.265,0.302,0.312,0.274,0.203,77,3.6,-1.2,-1.1,0.4
Albert Almora Jr.,CIN,64,235,5,26,29,3,7.20%,19.60%,0.126,0.261,0.223,0.282,0.349,0.279,0.27,71,-3,-10.9,6.4,0.4
Luke Williams,- - -,79,136,1,21,6,11,6.60%,32.40%,0.079,0.354,0.236,0.287,0.315,0.265,0.233,71,1.1,-3.5,2.2,0.3
Edward Olivares,KCR,53,174,4,24,15,2,5.70%,20.70%,0.124,0.344,0.286,0.333,0.41,0.326,0.339,110,0.5,2.5,-4.8,0.3
Tyler Naquin,- - -,105,334,11,47,46,4,5.70%,27.80%,0.194,0.291,0.229,0.282,0.423,0.303,0.317,93,2.3,-0.5,-7.7,0.3
Luis Gonzalez,SFG,98,350,4,31,36,10,8.60%,21.40%,0.106,0.316,0.254,0.323,0.36,0.302,0.268,95,0.6,-1.3,-7.4,0.3
Mitch Garver,TEX,54,215,10,23,24,1,10.70%,24.70%,0.197,0.228,0.207,0.298,0.404,0.308,0.319,101,0.4,0.5,-4.4,0.3
Jake Meyers,HOU,52,160,1,13,15,2,4.40%,33.80%,0.087,0.344,0.227,0.269,0.313,0.258,0.251,65,0.6,-5.7,3.6,0.3
Andrew McCutchen,MIL,134,580,17,66,69,8,9.80%,21.40%,0.148,0.278,0.237,0.316,0.384,0.309,0.325,98,-4.1,-5.3,-11.3,0.3
Eric Hosmer,- - -,104,419,8,38,44,0,8.80%,15.30%,0.113,0.304,0.268,0.334,0.382,0.313,0.311,104,-5.1,-3,-8.1,0.3
Andrew Velazquez,LAA,125,349,9,37,28,17,4.30%,34.10%,0.109,0.274,0.196,0.236,0.304,0.239,0.246,50,4.6,-15.1,6.8,0.3
Josh Lowe,TBR,52,198,2,24,13,3,7.60%,33.30%,0.122,0.336,0.221,0.284,0.343,0.276,0.272,83,2.1,-1.7,-2,0.3
Jake Burger,CHW,51,183,8,20,26,0,5.50%,30.60%,0.208,0.324,0.25,0.302,0.458,0.327,0.318,113,-1,1.6,-4.9,0.3
Raimel Tapia,TOR,128,433,7,47,52,8,3.70%,18.70%,0.114,0.315,0.265,0.292,0.38,0.293,0.29,90,2,-2.7,-8.7,0.3
LaMonte Wade Jr.,SFG,77,251,8,29,26,1,10.40%,20.30%,0.152,0.233,0.207,0.305,0.359,0.298,0.321,93,0.8,-1.4,-4.8,0.2
Greg Allen,PIT,46,134,2,17,8,8,7.50%,31.30%,0.085,0.267,0.186,0.26,0.271,0.242,0.229,52,2.7,-4.8,2.4,0.2
Elehuris Montero,COL,53,185,6,21,20,0,4.30%,32.40%,0.199,0.318,0.233,0.27,0.432,0.303,0.26,79,0.3,-4.2,-0.2,0.2
Jason Delay,PIT,57,167,1,17,11,0,5.40%,29.90%,0.058,0.308,0.213,0.265,0.271,0.243,0.23,53,-1.8,-11,7.3,0.2
Mauricio Dubon,- - -,104,265,5,31,24,2,4.90%,11.30%,0.099,0.221,0.214,0.252,0.313,0.248,0.272,58,-0.8,-13.2,6.6,0.2
Skye Bolt,OAK,42,116,4,10,13,5,6.00%,25.90%,0.132,0.233,0.198,0.259,0.33,0.261,0.258,73,1.1,-2.5,0.6,0.2
Francisco Mejia,TBR,93,299,6,32,31,0,2.30%,21.70%,0.138,0.292,0.242,0.264,0.381,0.279,0.262,85,-2.4,-7.4,-0.3,0.2
Luke Voit,- - -,135,568,22,55,69,1,9.70%,31.50%,0.176,0.298,0.226,0.308,0.402,0.311,0.322,102,-6.2,-5,-12.4,0.2
Christian Arroyo,BOS,87,300,6,32,36,5,4.30%,16.30%,0.129,0.326,0.286,0.322,0.414,0.319,0.33,102,-3.2,-2.4,-5.3,0.2
Jordan Luplow,ARI,83,234,11,26,28,5,10.70%,25.60%,0.185,0.185,0.176,0.274,0.361,0.281,0.288,78,0.3,-5.8,-0.3,0.2
Dermis Garcia,OAK,39,125,5,13,20,0,6.40%,44.00%,0.181,0.339,0.207,0.264,0.388,0.285,0.244,90,-0.2,-1.7,-0.6,0.2
Nick Madrigal,CHC,59,228,0,19,7,3,6.10%,11.80%,0.033,0.286,0.249,0.305,0.282,0.267,0.283,70,-0.4,-8.2,2.2,0.2
Austin Nola,SDP,110,397,4,40,40,2,8.60%,15.10%,0.078,0.284,0.251,0.321,0.329,0.29,0.305,89,-0.8,-5.9,-5.8,0.2
Kyle Garlick,MIN,66,162,9,23,18,0,4.90%,29.60%,0.2,0.277,0.233,0.284,0.433,0.311,0.305,104,1.1,1.8,-5.4,0.2
Gavin Sheets,CHW,124,410,15,34,53,0,6.60%,21.00%,0.17,0.272,0.241,0.295,0.411,0.308,0.283,100,-2.6,-2.7,-8.8,0.2
Nomar Mazara,SDP,55,171,2,16,18,0,5.80%,23.40%,0.088,0.342,0.264,0.316,0.352,0.297,0.294,94,0,-1.1,-3.1,0.2
P.J. Higgins,CHC,74,229,6,23,30,0,9.60%,25.30%,0.154,0.29,0.229,0.31,0.383,0.306,0.264,97,-1.2,-2,-4.3,0.2
Yadier Molina,STL,80,270,5,19,24,2,1.90%,14.80%,0.088,0.234,0.214,0.233,0.302,0.235,0.254,51,-4.4,-19.7,12,0.1
Charlie Blackmon,COL,135,577,16,60,78,4,5.50%,18.90%,0.155,0.304,0.264,0.314,0.419,0.317,0.301,89,1.4,-5.9,-12.2,0.1
Shea Langeliers,OAK,40,153,6,14,22,0,5.90%,34.60%,0.211,0.294,0.218,0.261,0.43,0.296,0.261,97,-0.3,-0.8,-2.8,0.1
Yu Chang,- - -,69,190,4,19,15,0,8.40%,31.10%,0.107,0.29,0.208,0.289,0.315,0.273,0.29,78,-1.5,-6.4,1.4,0.1
Brett Phillips,- - -,83,225,5,22,15,7,7.10%,41.80%,0.104,0.233,0.144,0.217,0.249,0.213,0.22,38,3.8,-11.9,5.8,0.1
Nelson Velazquez,CHC,77,206,6,20,26,5,9.20%,31.60%,0.168,0.281,0.205,0.286,0.373,0.291,0.305,87,0.1,-3,-2.9,0.1
Paul DeJong,STL,77,237,6,19,25,3,8.90%,33.30%,0.129,0.213,0.157,0.245,0.286,0.241,0.267,55,-0.7,-13,6,0.1
Pavin Smith,ARI,75,277,9,24,33,1,10.10%,24.20%,0.147,0.262,0.22,0.3,0.367,0.294,0.301,87,0.5,-3.8,-4.7,0.1
Ezequiel Duran,TEX,58,220,5,25,25,4,5.50%,24.50%,0.13,0.295,0.236,0.277,0.365,0.282,0.256,82,-0.2,-4.7,-1.7,0.1
Juan Yepez,STL,76,274,12,27,30,0,5.80%,22.30%,0.194,0.283,0.253,0.296,0.447,0.319,0.286,109,-1.7,1.2,-9.8,0.1
Marwin Gonzalez,NYY,86,207,6,20,18,3,6.80%,26.10%,0.136,0.222,0.185,0.255,0.321,0.257,0.282,65,-1.1,-9.2,3.1,0
Colin Moran,CIN,42,128,5,11,23,0,12.50%,23.40%,0.165,0.234,0.211,0.305,0.376,0.3,0.318,86,-0.9,-3.1,-0.8,0
Josh Smith,TEX,73,253,2,23,16,4,11.10%,19.80%,0.052,0.244,0.197,0.307,0.249,0.262,0.296,68,0.3,-8.9,1.1,0
Max Stassi,LAA,102,375,9,32,30,0,10.10%,29.90%,0.123,0.239,0.18,0.267,0.303,0.258,0.266,63,-2.7,-18.2,6.5,0
Luis Garcia,WSN,93,377,7,29,45,3,2.90%,22.30%,0.133,0.337,0.275,0.295,0.408,0.303,0.305,93,-2.5,-5.6,-6.8,0
Terrin Vavra,BAL,40,103,1,14,12,0,11.70%,18.40%,0.079,0.31,0.258,0.34,0.337,0.303,0.318,97,-1.7,-2,-1,0
Romy Gonzalez,CHW,32,109,2,15,11,0,1.80%,35.80%,0.114,0.354,0.238,0.257,0.352,0.264,0.265,69,-0.6,-4.4,1.1,0
Ben Gamel,PIT,115,423,9,42,46,5,11.30%,23.20%,0.137,0.291,0.232,0.324,0.369,0.308,0.316,97,1.4,0,-14.1,0
Sergio Alcantara,- - -,93,224,6,26,29,1,5.40%,25.40%,0.137,0.267,0.22,0.261,0.356,0.269,0.244,70,-0.1,-7.8,0.4,0
Brandon Belt,SFG,78,298,8,25,23,1,12.40%,27.20%,0.138,0.277,0.213,0.326,0.35,0.303,0.326,96,-1,-2.3,-7.7,0
Connor Joe,COL,111,467,7,56,28,6,11.80%,20.80%,0.121,0.296,0.238,0.338,0.359,0.314,0.311,87,-0.3,-7.4,-8.3,0
Alejo Lopez,CIN,61,156,1,15,10,3,5.80%,13.50%,0.069,0.301,0.262,0.314,0.331,0.286,0.28,76,-0.3,-4.6,-0.6,0
Gilberto Celestino,MIN,122,347,2,30,24,4,9.20%,22.20%,0.064,0.31,0.238,0.313,0.302,0.28,0.27,82,-4.6,-11.7,0.6,0
Jose Herrera,ARI,47,124,0,9,5,0,7.30%,27.40%,0.018,0.273,0.189,0.25,0.207,0.213,0.186,31,0.6,-9.4,5,0
Mike Zunino,TBR,36,123,5,7,16,0,4.90%,37.40%,0.157,0.185,0.148,0.195,0.304,0.219,0.252,43,0,-7.9,3.7,0
Josh Jung,TEX,26,102,5,9,14,2,3.90%,38.20%,0.214,0.278,0.204,0.235,0.418,0.28,0.287,81,-1.8,-4,0.2,-0.1
Bobby Dalbec,BOS,117,353,12,40,39,3,8.20%,33.40%,0.155,0.293,0.215,0.283,0.369,0.287,0.296,80,1.7,-6.3,-5.6,-0.1
Jeimer Candelario,DET,124,467,13,49,50,0,6.00%,23.30%,0.145,0.257,0.217,0.272,0.361,0.277,0.292,80,-2.7,-13.3,-2.3,-0.1
Chad Pinder,OAK,111,379,12,38,42,2,3.70%,31.10%,0.15,0.313,0.235,0.263,0.385,0.281,0.28,86,-0.2,-6,-6.8,-0.1
Matt Vierling,PHI,117,357,6,41,32,7,6.40%,19.60%,0.105,0.29,0.246,0.297,0.351,0.285,0.324,81,0.5,-7.5,-5.3,-0.1
Spencer Steer,CIN,28,108,2,12,8,0,10.20%,24.10%,0.116,0.269,0.211,0.306,0.326,0.287,0.281,76,0,-3,-1.4,-0.1
Aramis Garcia,CIN,47,115,1,6,4,0,2.60%,29.60%,0.046,0.301,0.213,0.248,0.259,0.228,0.247,36,-2.2,-10.7,6,-0.1
Dominic Smith,NYM,58,152,0,11,17,0,7.90%,24.30%,0.09,0.263,0.194,0.276,0.284,0.254,0.293,67,1.7,-4.2,-1.9,-0.1
Matt Duffy,LAA,77,247,2,14,16,0,6.90%,20.20%,0.061,0.313,0.25,0.308,0.311,0.279,0.28,78,-1.8,-7.9,-1,-0.1
Diego Castillo,PIT,96,283,11,28,29,1,4.90%,26.50%,0.176,0.239,0.206,0.251,0.382,0.272,0.292,73,-0.4,-9.2,-1.3,-0.1
Jarred Kelenic,SEA,54,181,7,20,17,5,8.80%,33.70%,0.172,0.167,0.141,0.221,0.313,0.238,0.271,55,-0.5,-9.6,2.7,-0.1
Tucupita Marcano,PIT,49,177,2,18,13,2,5.60%,24.90%,0.1,0.27,0.206,0.256,0.306,0.249,0.21,57,1,-7.8,0.7,-0.1
Kevin Smith,OAK,47,151,2,9,13,4,4.60%,27.80%,0.122,0.237,0.18,0.216,0.302,0.226,0.239,48,-0.6,-9.5,3.5,-0.1
Jake Lamb,- - -,41,111,3,13,6,0,9.90%,34.20%,0.175,0.321,0.216,0.315,0.392,0.314,0.314,105,-2.3,-1.6,-3.4,-0.1
Jonah Bride,OAK,58,187,1,17,6,1,10.20%,17.10%,0.043,0.246,0.204,0.301,0.247,0.257,0.282,70,-1.5,-7.9,0.5,-0.1
Yadiel Hernandez,WSN,94,327,9,30,41,2,5.80%,22.60%,0.141,0.326,0.269,0.312,0.41,0.315,0.31,101,-5.2,-4.7,-7.6,-0.1
Alfonso Rivas,CHC,101,287,3,27,25,6,10.10%,30.30%,0.072,0.344,0.235,0.322,0.307,0.285,0.281,82,2,-3.9,-7.2,-0.1
Vimael Machin,OAK,73,253,1,26,13,1,9.90%,18.60%,0.067,0.27,0.22,0.3,0.287,0.268,0.301,77,-1.2,-7.7,-1.8,-0.1
MJ Melendez,KCR,129,534,18,57,62,2,12.40%,24.50%,0.176,0.258,0.217,0.313,0.393,0.31,0.332,99,-0.3,-1.1,-17.4,-0.2
Miguel Andujar,- - -,36,140,1,13,17,4,3.60%,19.30%,0.076,0.28,0.235,0.257,0.311,0.247,0.281,57,1.5,-5.2,-0.8,-0.2
Adam Engel,CHW,119,260,2,32,17,12,4.20%,29.20%,0.086,0.317,0.224,0.269,0.31,0.256,0.246,63,2.1,-8.6,-1.2,-0.2
Andy Ibanez,TEX,40,128,1,13,9,3,7.00%,16.40%,0.059,0.258,0.218,0.273,0.277,0.249,0.272,59,1.3,-4.7,-1,-0.2
Bradley Zimmer,- - -,109,117,2,18,5,3,4.30%,38.50%,0.105,0.19,0.124,0.207,0.229,0.203,0.225,26,1.3,-8.4,3,-0.2
Akil Baddoo,DET,73,225,2,30,9,9,10.70%,28.40%,0.065,0.289,0.204,0.289,0.269,0.256,0.253,65,2.2,-6.6,-2.4,-0.2
Franchy Cordero,BOS,84,275,8,36,29,4,10.20%,33.50%,0.178,0.313,0.219,0.3,0.397,0.304,0.313,92,2.6,0.2,-10.7,-0.2
Mike Ford,- - -,50,149,3,9,10,0,11.40%,26.80%,0.107,0.273,0.206,0.302,0.313,0.28,0.278,81,-0.5,-3.7,-2.9,-0.2
Kody Clemens,DET,57,127,5,13,17,1,6.30%,26.00%,0.162,0.148,0.145,0.197,0.308,0.22,0.252,40,1.1,-7.5,1.5,-0.2
Peyton Burdick,MIA,32,102,4,8,11,1,7.80%,34.30%,0.174,0.283,0.207,0.284,0.38,0.294,0.296,91,0,-1.1,-4.3,-0.2
Michael Toglia,COL,31,120,2,10,12,1,7.50%,36.70%,0.162,0.338,0.216,0.275,0.378,0.285,0.261,68,0.5,-4,-2.1,-0.2
Victor Reyes,DET,92,336,3,27,34,2,3.90%,22.90%,0.108,0.322,0.254,0.289,0.362,0.284,0.292,85,-0.3,-6.1,-6.7,-0.2
Randal Grichuk,COL,141,538,19,60,73,4,4.50%,23.60%,0.166,0.309,0.259,0.299,0.425,0.315,0.281,88,-1.2,-9,-11.2,-0.2
Austin Meadows,DET,36,147,0,9,11,0,10.90%,11.60%,0.078,0.288,0.25,0.347,0.328,0.307,0.38,101,-1.2,-1,-5.8,-0.2
Jackie Bradley Jr.,- - -,132,370,4,30,38,2,6.50%,20.80%,0.108,0.251,0.203,0.255,0.311,0.252,0.268,56,-0.7,-18.9,4.8,-0.2
Tucker Barnhart,DET,94,308,1,16,16,0,8.10%,24.00%,0.046,0.296,0.221,0.287,0.267,0.253,0.244,63,-1.7,-14.6,2.4,-0.2
J.J. Bleday,MIA,65,238,5,21,16,4,12.60%,28.20%,0.142,0.216,0.167,0.277,0.309,0.266,0.28,72,0.8,-7.1,-3.4,-0.3
Didi Gregorius,PHI,63,232,1,17,19,1,5.60%,15.50%,0.093,0.246,0.21,0.263,0.304,0.251,0.275,58,2.1,-9.3,-1.1,-0.3
Robbie Grossman,- - -,129,477,7,40,45,6,11.70%,27.00%,0.102,0.283,0.209,0.31,0.311,0.283,0.281,82,-0.2,-9.8,-8.3,-0.3
Alcides Escobar,WSN,42,131,0,12,8,1,3.80%,24.40%,0.065,0.293,0.218,0.26,0.282,0.242,0.233,51,0.9,-6.5,-0.7,-0.3
CJ Abrams,- - -,90,302,2,33,21,7,1.70%,16.60%,0.077,0.291,0.246,0.28,0.324,0.267,0.266,71,1.7,-8.5,-4.5,-0.3
Luis Torrens,SEA,57,166,3,13,15,0,7.20%,30.10%,0.073,0.31,0.225,0.283,0.298,0.261,0.284,72,-1.4,-6.6,-1.8,-0.3
Ryan O'Hearn,KCR,67,145,1,14,16,0,5.50%,24.10%,0.082,0.313,0.239,0.29,0.321,0.272,0.327,72,0.3,-4.4,-3.4,-0.3
Josh VanMeter,PIT,67,192,3,15,14,4,9.90%,23.40%,0.105,0.232,0.187,0.266,0.292,0.251,0.288,59,1.1,-8.1,-1.5,-0.3
Andrew Knizner,STL,97,293,4,28,25,0,8.90%,21.20%,0.085,0.268,0.215,0.301,0.3,0.275,0.28,79,-1.8,-9.1,-4,-0.3
Mickey Moniak,- - -,37,112,3,13,8,1,3.60%,39.30%,0.132,0.254,0.17,0.207,0.302,0.223,0.206,39,1.2,-6.7,-0.3,-0.3
Jo Adell,LAA,88,285,8,22,27,4,3.90%,37.50%,0.149,0.338,0.224,0.264,0.373,0.278,0.251,77,0.8,-6.5,-5.9,-0.3
Nick Pratto,KCR,49,182,7,18,20,0,10.40%,36.30%,0.203,0.25,0.184,0.271,0.386,0.287,0.267,82,-1.5,-5.2,-3.9,-0.4
Zack Collins,- - -,36,108,4,9,11,0,8.30%,38.00%,0.165,0.208,0.155,0.231,0.32,0.245,0.257,57,-0.2,-5.6,-1.3,-0.4
Richie Palacios,CLE,54,123,0,7,10,2,7.30%,16.30%,0.054,0.28,0.232,0.293,0.286,0.258,0.277,65,0.3,-4.6,-2.8,-0.4
Jesus Aguilar,- - -,129,507,16,39,51,1,5.50%,23.50%,0.144,0.278,0.235,0.281,0.379,0.288,0.298,86,-2.8,-10.7,-9.8,-0.4
Yasmani Grandal,CHW,99,376,5,15,27,1,12.00%,21.00%,0.067,0.249,0.202,0.301,0.269,0.263,0.29,68,-6.2,-19.7,4.1,-0.4
Jarren Duran,BOS,58,223,3,23,17,7,6.30%,28.30%,0.142,0.302,0.221,0.283,0.363,0.284,0.282,78,0.5,-5.1,-5.6,-0.4
Harold Castro,DET,120,443,7,37,47,0,3.80%,17.80%,0.11,0.318,0.271,0.3,0.381,0.297,0.316,94,-1.6,-4.8,-13.1,-0.4
Jason Heyward,CHC,48,151,1,15,10,1,7.30%,21.20%,0.073,0.26,0.204,0.278,0.277,0.253,0.278,61,-0.1,-7,-2.1,-0.4
Bligh Madris,PIT,39,123,1,10,7,2,8.10%,25.20%,0.088,0.235,0.177,0.244,0.265,0.231,0.262,45,0.5,-7.4,-1,-0.5
Vidal Brujan,TBR,52,162,3,13,16,5,7.40%,22.80%,0.095,0.193,0.163,0.228,0.259,0.22,0.233,43,-0.8,-11.1,1.6,-0.5
Hanser Alberto,LAD,73,159,2,13,15,0,1.90%,15.70%,0.122,0.279,0.244,0.258,0.365,0.27,0.234,73,-2.1,-7,-2.7,-0.5
Garrett Hampson,COL,90,226,2,29,15,12,9.30%,27.90%,0.095,0.294,0.211,0.287,0.307,0.267,0.261,55,1.6,-10.3,-1.8,-0.5
Mike Moustakas,CIN,78,285,7,30,25,2,8.40%,26.30%,0.131,0.272,0.214,0.295,0.345,0.286,0.27,76,-0.5,-8.5,-5.6,-0.5
Andrew Vaughn,CHW,134,555,17,60,76,0,5.60%,17.30%,0.159,0.301,0.271,0.321,0.429,0.327,0.319,113,-3.2,4.9,-27.4,-0.5
Oscar Mercado,- - -,55,128,4,17,16,2,3.90%,22.70%,0.165,0.236,0.207,0.242,0.372,0.266,0.258,70,0,-4.3,-4.7,-0.5
Ehire Adrianza,- - -,37,110,0,8,7,1,10.00%,22.70%,0.031,0.233,0.175,0.264,0.206,0.222,0.274,38,0.8,-7.2,-1.4,-0.5
Michael Perez,- - -,45,132,6,10,14,1,7.60%,24.20%,0.149,0.145,0.149,0.214,0.298,0.228,0.276,44,-0.5,-9.1,-0.2,-0.5
Stephen Piscotty,OAK,42,139,5,12,14,2,6.50%,34.50%,0.151,0.253,0.19,0.252,0.341,0.258,0.275,70,-0.6,-5.2,-4.1,-0.5
Kevin Plawecki,- - -,64,186,1,15,13,0,7.50%,17.20%,0.065,0.265,0.22,0.286,0.286,0.259,0.268,61,-1.8,-10,-1,-0.5
Sheldon Neuse,OAK,89,293,4,25,26,6,6.80%,27.30%,0.074,0.289,0.214,0.273,0.288,0.253,0.254,67,1.3,-9.6,-4.8,-0.5
Marcell Ozuna,ATL,124,507,23,56,56,2,6.10%,24.10%,0.187,0.252,0.226,0.274,0.413,0.298,0.337,88,-2.6,-9.4,-12.9,-0.5
Taylor Walls,TBR,142,466,8,53,33,10,11.20%,25.80%,0.113,0.221,0.172,0.268,0.285,0.252,0.27,66,3.2,-14.5,-5.5,-0.5
Lorenzo Cain,MIL,43,156,1,17,9,2,5.10%,23.10%,0.055,0.229,0.179,0.231,0.234,0.212,0.23,32,-0.4,-12.8,2.3,-0.6
Austin Hedges,CLE,105,338,7,26,30,2,7.40%,23.10%,0.085,0.193,0.163,0.241,0.248,0.225,0.238,42,-3.6,-25.8,9.6,-0.6
Tyler Wade,LAA,67,163,1,22,8,8,6.10%,20.20%,0.054,0.274,0.218,0.272,0.272,0.247,0.248,55,-0.1,-8.4,-2.3,-0.6
Charlie Culberson,TEX,70,124,2,19,12,2,4.00%,25.00%,0.104,0.329,0.252,0.283,0.357,0.281,0.251,81,-1.1,-3.7,-5.8,-0.6
Sam Hilliard,COL,70,200,2,26,14,5,11.50%,28.50%,0.08,0.256,0.184,0.28,0.264,0.251,0.303,44,1.8,-11.2,-1.1,-0.6
Avisail Garcia,MIA,98,380,8,31,35,4,4.50%,28.70%,0.092,0.298,0.224,0.266,0.317,0.258,0.281,66,-1.2,-16.1,-2.3,-0.6
Alex Kirilloff,MIN,45,156,3,14,21,0,3.20%,23.10%,0.111,0.308,0.25,0.29,0.361,0.286,0.282,86,-2,-4.4,-6.2,-0.6
Tyler Nevin,BAL,58,184,2,17,16,0,10.90%,25.00%,0.064,0.259,0.197,0.299,0.261,0.261,0.293,67,-1.2,-8,-3.5,-0.6
Calvin Mitchell,PIT,69,232,5,21,17,3,7.80%,22.40%,0.123,0.276,0.226,0.286,0.349,0.281,0.292,79,1.1,-4.6,-9,-0.6
Jared Walsh,LAA,118,454,15,41,44,2,5.90%,30.40%,0.158,0.281,0.215,0.269,0.374,0.278,0.28,78,-0.7,-12.2,-8,-0.6
Jacob Stallings,MIA,114,384,4,25,34,0,7.60%,21.60%,0.069,0.28,0.223,0.292,0.292,0.265,0.274,71,-5.3,-18.2,-0.6,-0.6
Michael Chavis,PIT,129,426,14,39,49,1,4.50%,29.60%,0.16,0.294,0.229,0.265,0.389,0.282,0.261,80,0.3,-9.7,-10.6,-0.6
Stephen Vogt,OAK,70,191,7,18,23,1,8.90%,24.10%,0.161,0.168,0.161,0.241,0.321,0.249,0.282,64,0,-7.8,-4.5,-0.6
Lewin Diaz,MIA,58,174,5,12,11,1,6.30%,31.00%,0.119,0.214,0.169,0.224,0.288,0.228,0.219,45,-0.6,-11.7,-0.4,-0.7
Nick Senzel,CIN,110,420,5,45,25,8,7.10%,18.10%,0.075,0.276,0.231,0.296,0.306,0.272,0.299,66,-0.9,-17.5,-3,-0.7
Frank Schwindel,CHC,75,292,8,23,36,0,6.50%,19.90%,0.129,0.261,0.229,0.277,0.358,0.278,0.278,78,-2.5,-10,-6.2,-0.7
Abraham Toro,SEA,109,352,10,36,35,2,6.30%,18.50%,0.139,0.198,0.185,0.239,0.324,0.246,0.284,62,-1.1,-16.4,-1.6,-0.7
Darin Ruf,- - -,119,388,11,52,45,2,11.60%,27.10%,0.135,0.258,0.204,0.307,0.338,0.291,0.31,89,0.2,-4.8,-15.3,-0.7
Cooper Hummel,ARI,66,201,3,20,17,4,11.40%,31.80%,0.131,0.255,0.176,0.274,0.307,0.262,0.292,65,0.1,-8.1,-5.9,-0.8
Maikel Franco,WSN,103,388,9,31,39,1,3.10%,19.30%,0.113,0.262,0.229,0.255,0.342,0.261,0.272,64,-3.6,-19.8,-0.8,-0.8
Nick Castellanos,PHI,136,558,13,56,62,7,5.20%,23.30%,0.126,0.326,0.263,0.305,0.389,0.304,0.302,94,-2.8,-6.8,-19.6,-0.8
Michael Papierski,- - -,39,103,1,7,4,0,9.70%,25.20%,0.044,0.188,0.143,0.228,0.187,0.197,0.217,16,-1.1,-11.1,0,-0.8
Tommy La Stella,SFG,60,195,2,17,14,0,5.60%,15.40%,0.111,0.272,0.239,0.282,0.35,0.277,0.267,78,-1.2,-6.1,-8.1,-0.8
Kurt Suzuki,LAA,51,159,4,10,15,0,9.40%,18.20%,0.115,0.194,0.18,0.266,0.295,0.254,0.255,60,-2.4,-9.5,-3.6,-0.8
Nelson Cruz,WSN,124,507,10,50,64,4,9.70%,23.50%,0.103,0.295,0.234,0.313,0.337,0.292,0.32,85,-3.1,-11.9,-13.3,-0.8
Joey Votto,CIN,91,376,11,31,41,0,11.70%,25.80%,0.165,0.257,0.205,0.319,0.37,0.31,0.322,92,-4.1,-7.6,-13.4,-0.9
Yuli Gurriel,HOU,146,584,8,53,53,8,5.10%,12.50%,0.117,0.266,0.242,0.288,0.36,0.285,0.271,85,-0.8,-11,-16.6,-0.9
Seth Beer,ARI,38,126,1,4,9,0,8.70%,24.60%,0.054,0.25,0.189,0.278,0.243,0.239,0.276,49,-1.9,-9.4,-3.9,-0.9
Hunter Dozier,KCR,129,500,12,51,41,4,6.80%,25.00%,0.152,0.298,0.236,0.292,0.387,0.298,0.301,90,-8.4,-14.1,-11.1,-1
Spencer Torkelson,DET,110,404,8,38,28,0,9.20%,24.50%,0.117,0.255,0.203,0.285,0.319,0.272,0.305,76,-3.2,-14,-8.2,-1
Ernie Clement,- - -,70,179,0,19,6,0,6.10%,14.50%,0.025,0.217,0.184,0.243,0.209,0.209,0.277,31,-1.2,-15,-0.2,-1
Jed Lowrie,OAK,50,184,3,14,16,1,8.20%,21.20%,0.084,0.213,0.18,0.245,0.263,0.23,0.247,50,-0.7,-10.9,-4.6,-1
Cristian Pache,OAK,91,260,3,18,18,2,5.80%,26.90%,0.075,0.22,0.166,0.218,0.241,0.207,0.259,35,-1.7,-20.8,2.8,-1
Leury Garcia,CHW,97,315,3,38,20,2,2.20%,20.60%,0.057,0.255,0.21,0.233,0.267,0.221,0.258,39,2.2,-19.5,-0.9,-1.1
Franmil Reyes,- - -,118,473,14,43,47,2,6.30%,33.20%,0.144,0.307,0.221,0.273,0.365,0.28,0.275,80,-2.7,-13.6,-12.3,-1.1
Austin Romine,- - -,51,136,3,10,9,0,2.90%,33.80%,0.093,0.213,0.155,0.187,0.248,0.193,0.195,15,-0.5,-13.9,-1.2,-1.1
Eddie Rosario,ATL,80,270,5,27,24,3,6.30%,25.20%,0.116,0.267,0.212,0.259,0.328,0.258,0.25,61,1.3,-10.8,-9,-1.1
Kole Calhoun,TEX,125,424,12,36,49,3,6.40%,32.10%,0.134,0.263,0.196,0.257,0.33,0.26,0.294,67,-0.8,-16.8,-7.5,-1.1
Brad Miller,TEX,81,241,7,20,32,4,7.50%,29.00%,0.108,0.274,0.212,0.27,0.32,0.263,0.269,69,-1.1,-9.6,-8.8,-1.1
Jose Barrero,CIN,48,174,2,13,10,4,5.20%,43.70%,0.055,0.264,0.152,0.195,0.206,0.183,0.18,5,0.9,-18.3,0.9,-1.2
Riley Adams,WSN,48,155,5,14,10,0,7.70%,29.70%,0.134,0.22,0.176,0.245,0.31,0.249,0.276,56,-1.1,-9.1,-7.9,-1.2
Yoshi Tsutsugo,PIT,50,193,2,11,19,0,9.80%,25.90%,0.059,0.221,0.171,0.249,0.229,0.221,0.254,38,-0.6,-14.5,-4.3,-1.3
Jonathan Villar,- - -,59,220,3,25,18,7,6.80%,26.80%,0.094,0.275,0.208,0.26,0.302,0.25,0.247,58,2.2,-8.4,-11.6,-1.3
Robinson Cano,- - -,33,104,1,5,4,0,3.80%,24.00%,0.04,0.189,0.15,0.183,0.19,0.169,0.237,6,-1.8,-13.1,-3.6,-1.4
Elias Diaz,COL,105,381,9,29,51,0,6.60%,21.50%,0.14,0.27,0.228,0.281,0.368,0.284,0.274,67,-3.9,-18.6,-7.8,-1.4
Miguel Cabrera,DET,112,433,5,25,43,1,6.50%,23.30%,0.063,0.324,0.254,0.305,0.317,0.275,0.275,79,-5.4,-15.8,-11.8,-1.5
Robinson Chirinos,BAL,67,220,4,10,22,1,8.60%,30.50%,0.108,0.248,0.179,0.265,0.287,0.251,0.245,61,-1.2,-10.9,-11.4,-1.6
